sector_code,source_code,type,msn,msn_description,unit
AC,AV,B,AVACB,aviation gasoline consumed by the transportation sector,billion btu
AC,B1,B,B1ACB,renewable diesel consumed by the transportation sector,billion btu
AC,BD,B,BDACB,biodiesel consumed by the transportation sector,billion btu
AC,BO,B,BOACB,"other biofuels consumed by the transportation sector, united states only",billion btu
AC,CL,B,CLACB,coal consumed by the transportation sector,billion btu
AC,DF,B,DFACB,distillate fuel oil consumed by the transportation sector,billion btu
AC,EM,B,EMACB,"fuel ethanol, excluding denaturant, consumed by the transportation sector   ",billion btu
AC,ES,B,ESACB,"electricity consumed by (i.e., sold to) the transportation sector",billion btu
AC,HL,B,HLACB,hydrocarbon gas liquids consumed by the transportation sector,billion btu
AC,JF,B,JFACB,jet fuel consumed by the transportation sector,billion btu
AC,LO,B,LOACB,the transportation sector's share of electrical system energy losses,billion btu
AC,LU,B,LUACB,lubricants consumed by the transportation sector,billion btu
AC,MG,B,MGACB,motor gasoline consumed by the transportation sector,billion btu
AC,NG,B,NGACB,natural gas consumed by the transportation sector ,billion btu
AC,OP,B,OPACB,other petroleum products consumed by the transportation sector,billion btu
AC,PA,B,PAACB,all petroleum products consumed by the transportation sector,billion btu
AC,PQ,B,PQACB,propane consumed by the transportation sector,billion btu
AC,RF,B,RFACB,residual fuel oil consumed by the transportation sector,billion btu
AC,TE,B,TEACB,total energy consumed by the transportation sector,billion btu
AC,TN,B,TNACB,total energy consumed by the transportation sector excluding the sector's share of electrical system energy losses,billion btu
AP,TE,B,TEAPB,total energy consumption per capita in the transportation sector,million btu
AS,DF,B,DFASB,distillate fuel oil consumed by the transportation sector including biofuels product supplied,billion btu
AS,NG,B,NGASB,natural gas consumed by the transportation sector adjusted for process fuel,billion btu
AS,PA,B,PAASB,all petroleum products consumed by the transportation sector excluding other biofuels product supplied for the united states,billion btu
AS,PE,B,PEASB,"primary energy consumed by the transportation sector, adjusted for process fuel, intermediate products, and fuels with no direct cost",billion btu
AS,TN,B,TNASB,"total net energy consumed by the transportation sector, adjusted for process fuel, intermediate products, and fuels with no direct cost",billion btu
CC,CL,B,CLCCB,coal consumed by the commercial sector,billion btu
CC,DF,B,DFCCB,distillate fuel oil consumed by the commercial sector,billion btu
CC,EM,B,EMCCB,"fuel ethanol, excluding denaturant, consumed by the commercial sector ",billion btu
CC,ES,B,ESCCB,"electricity consumed by (i.e., sold to) the commercial sector",billion btu
CC,GE,B,GECCB,geothermal energy consumed by the commercial sector,billion btu
CC,HL,B,HLCCB,hydrocarbon gas liquids consumed by the commercial sector,billion btu
CC,HY,B,HYCCB,hydropower consumed by the commercial sector,billion btu
CC,KS,B,KSCCB,kerosene consumed by the commercial sector,billion btu
CC,LO,B,LOCCB,the commercial sector's share of electrical system energy losses,billion btu
CC,MG,B,MGCCB,motor gasoline consumed by the commercial sector,billion btu
CC,NG,B,NGCCB,natural gas consumed by (delivered to) the commercial sector,billion btu
CC,PA,B,PACCB,all petroleum products consumed by the commercial sector,billion btu
CC,PC,B,PCCCB,petroleum coke consumed by the commercial sector,billion btu
CC,PQ,B,PQCCB,propane consumed by the commercial sector,billion btu
CC,RF,B,RFCCB,residual fuel oil consumed by the commercial sector,billion btu
CC,SF,B,SFCCB,supplemental gaseous fuels consumed by the commercial sector,billion btu
CC,SO,B,SOCCB,solar energy consumed by the commercial sector,billion btu
CC,TE,B,TECCB,total energy consumed by the commercial sector,billion btu
CC,TN,B,TNCCB,total energy consumed by the commercial sector excluding the sector's share of electrical system energy losses,billion btu
CC,WD,B,WDCCB,wood energy consumed by the commercial sector,billion btu
CC,WS,B,WSCCB,waste energy consumed by the commercial sector,billion btu
CC,WW,B,WWCCB,wood and waste energy consumed in the commercial sector,billion btu
CC,WY,B,WYCCB,wind energy consumed by the commercial sector,billion btu
CP,TE,B,TECPB,total energy consumption per capita in the commercial sector,million btu
CS,PE,B,PECSB,"primary energy consumed by the commercial sector, adjusted for process fuel, intermediate products, and fuels with no direct cost",billion btu
CS,TN,B,TNCSB,"total net energy consumed by the commercial sector, adjusted for process fuel, intermediate products, and fuels with no direct cost",billion btu
CS,WW,B,WWCSB,wood and waste energy consumed in the commercial sector at a cost,billion btu
CX,WW,B,WWCXB,wood and waste energy consumed in the commercial sector at no cost,billion btu
EG,GE,B,GEEGB,geothermal energy consumed for electricity generation by the electric power sector,billion btu
EG,HY,B,HYEGB,hydropower consumed for electricity generation by the electric power sector,billion btu
EG,NU,B,NUEGB,nuclear energy consumed for electricity generation by the electric power sector,billion btu
EG,SO,B,SOEGB,solar energy consumed for electricity generation by the electric power sector,billion btu
EG,WY,B,WYEGB,wind energy consumed for electricity generation by the electric power sector,billion btu
EI,CL,B,CLEIB,coal consumed by the electric power sector,billion btu
EI,DF,B,DFEIB,distillate fuel oil consumed by the electric power sector,billion btu
EI,DK,B,DKEIB,distillate fuel oil (including other light fuel oil before 2001) consumed by the electric power sector,billion btu
EI,NG,B,NGEIB,natural gas consumed by the electric power sector,billion btu
EI,PA,B,PAEIB,all petroleum products consumed by the electric power sector,billion btu
EI,PC,B,PCEIB,petroleum coke consumed by the electric power sector,billion btu
EI,RF,B,RFEIB,residual fuel oil consumed by the electric power sector,billion btu
EI,SF,B,SFEIB,supplemental gaseous fuels consumed by the electric power sector,billion btu
EI,TE,B,TEEIB,total energy consumed by the electric power sector,billion btu
EI,WD,B,WDEIB,wood energy consumed by the electric power sector,billion btu
EI,WS,B,WSEIB,waste energy consumed by the electric power sector,billion btu
EI,WW,B,WWEIB,wood and waste energy consumed by the electric power sector,billion btu
ET,NU,B,NUETB,"nuclear energy consumed for electricity generation, total",billion btu
EX,CC,B,CCEXB,coal coke exported from the united states ,billion btu
EX,EL,B,ELEXB,electricity exported from the united states,billion btu
EX,WD,B,WDEXB,densified biomass exports,billion btu
FD,BD,B,BDFDB,biomass inputs (feedstock) to the production of biodiesel,billion btu
FD,BF,B,BFFDB,biomass inputs (feedstock) to the production of biofuels,billion btu
FD,EM,B,EMFDB,biomass inputs (feedstock) to the production of fuel ethanol,billion btu
IC,AB,B,ABICB,aviation gasoline blending components consumed by the industrial sector,billion btu
IC,AR,B,ARICB,asphalt and road oil consumed by the industrial sector,billion btu
IC,BQ,B,BQICB,normal butane consumed by the industrial sector,billion btu
IC,BY,B,BYICB,butylene from refineries consumed by the industrial sector,billion btu
IC,CL,B,CLICB,coal consumed by the industrial sector,billion btu
IC,CO,B,COICB,crude oil consumed by the industrial sector,billion btu
IC,DF,B,DFICB,distillate fuel oil consumed by the industrial sector,billion btu
IC,EM,B,EMICB,"fuel ethanol, excluding denaturant, consumed by the industrial sector ",billion btu
IC,EQ,B,EQICB,ethane consumed by the industrial sector,billion btu
IC,ES,B,ESICB,"electricity consumed by (i.e., sold to) the industrial sector",billion btu
IC,EY,B,EYICB,ethylene from refineries consumed by the industrial sector,billion btu
IC,FN,B,FNICB,"petrochemical feedstocks, naphtha, less than 401° f, consumed by the industrial sector",billion btu
IC,FO,B,FOICB,"petrochemical feedstocks, other oils equal to or greater than 401° f, consumed by the industrial sector",billion btu
IC,FS,B,FSICB,"petrochemical feedstocks, still gas, consumed by the industrial sector (through 1985)",billion btu
IC,GE,B,GEICB,geothermal energy consumed by the industrial sector,billion btu
IC,HL,B,HLICB,hydrocarbon gas liquids consumed by the industrial sector,billion btu
IC,HY,B,HYICB,hydropower consumed by the industrial sector,billion btu
IC,IQ,B,IQICB,isobutane consumed by the industrial sector,billion btu
IC,IY,B,IYICB,isobutylene from refineries consumed by the industrial sector,billion btu
IC,KS,B,KSICB,kerosene consumed by the industrial sector,billion btu
IC,LO,B,LOICB,the industrial sector's share of electrical system energy losses,billion btu
IC,LU,B,LUICB,lubricants consumed by the industrial sector,billion btu
IC,MB,B,MBICB,motor gasoline blending components consumed by the industrial sector,billion btu
IC,MG,B,MGICB,motor gasoline consumed by the industrial sector,billion btu
IC,MS,B,MSICB,miscellaneous petroleum products consumed by the industrial sector,billion btu
IC,NA,B,NAICB,natural gasoline consumed by the industrial sector (through 1983),billion btu
IC,NG,B,NGICB,natural gas consumed by the industrial sector,billion btu
IC,OH,B,OHICB,other hydrocarbon gas liquids (other than propane) consumed by the industrial sector,billion btu
IC,OP,B,OPICB,other petroleum products consumed by the industrial sector,billion btu
IC,P1,B,P1ICB,"asphalt and road oil, kerosene, lubricants, petroleum coke, and ""other petroleum products"" consumed by the industrial sector",billion btu
IC,PA,B,PAICB,all petroleum products consumed by the industrial sector,billion btu
IC,PC,B,PCICB,petroleum coke consumed by the industrial sector,billion btu
IC,PL,B,PLICB,plant condensate consumed by the industrial sector (through 1983),billion btu
IC,PP,B,PPICB,natural gasoline (pentanes plus) consumed by the industrial sector,billion btu
IC,PQ,B,PQICB,propane consumed by the industrial sector,billion btu
IC,PY,B,PYICB,propylene from refineries consumed by the industrial sector,billion btu
IC,RF,B,RFICB,residual fuel oil consumed by the industrial sector,billion btu
IC,SG,B,SGICB,still gas consumed by the industrial sector,billion btu
IC,SN,B,SNICB,special naphthas consumed by the industrial sector,billion btu
IC,SO,B,SOICB,solar energy consumed by the industrial sector,billion btu
IC,TE,B,TEICB,total energy consumed by the industrial sector,billion btu
IC,TN,B,TNICB,total energy consumed by the industrial sector excluding the sector's share of electrical system energy losses,billion btu
IC,UO,B,UOICB,unfinished oils consumed by the industrial sector,billion btu
IC,US,B,USICB,unfractionated streams consumed by the industrial sector (through 1983),billion btu
IC,WD,B,WDICB,wood energy consumed by the industrial sector,billion btu
IC,WS,B,WSICB,waste energy consumed by the industrial sector,billion btu
IC,WW,B,WWICB,wood and waste energy consumed in the industrial sector,billion btu
IC,WX,B,WXICB,waxes consumed by the industrial sector,billion btu
IC,WY,B,WYICB,wind energy consumed by the industrial sector,billion btu
IM,CC,B,CCIMB,coal coke imported into the united states,billion btu
IM,EL,B,ELIMB,electricity imported into the united states,billion btu
IN,SF,B,SFINB,supplemental gaseous fuels consumed by the industrial sector,billion btu
IP,TE,B,TEIPB,total energy consumption per capita in the industrial sector,million btu
IS,CL,B,CLISB,coal consumed by the industrial sector excluding refinery fuel,billion btu
IS,DF,B,DFISB,distillate fuel oil consumed by the industrial sector excluding refinery fuel,billion btu
IS,EL,B,ELISB,net interstate flow of electricity and associated losses (negative indicates flow out of state),billion btu
IS,ES,B,ESISB,electricity sales to the industrial sector excluding refinery use,billion btu
IS,HL,B,HLISB,hydrocarbon gas liquids consumed by the industrial sector adjusted for processed fuel,billion btu
IS,NG,B,NGISB,natural gas consumed by the industrial sector excluding refinery fuel,billion btu
IS,OP,B,OPISB,other petroleum products consumed by the industrial sector excluding refinery fuel and intermediate products,billion btu
IS,P1,B,P1ISB,"asphalt and road oil, kerosene, lubricants, petroleum coke, and ""other petroleum products"" consumed by the industrial sector excluding refinery fuel and intermediate products",billion btu
IS,PA,B,PAISB,all petroleum products consumed by the industrial sector excluding process fuel and intermediate products,billion btu
IS,PC,B,PCISB,petroleum coke consumed by the industrial sector excluding refinery fuel,billion btu
IS,PE,B,PEISB,"primary energy consumed by the industrial sector, adjusted for process fuel, intermediate products, and fuels with no direct cost",billion btu
IS,PQ,B,PQISB,propane consumed in the industrial sector excluding refinery fuel,billion btu
IS,RF,B,RFISB,residual fuel oil consumed by the industrial sector excluding refinery fuel,billion btu
IS,TN,B,TNISB,"total net energy consumed by the industrial sector, adjusted for process fuel, intermediate products, and fuels with no direct cost",billion btu
IS,WW,B,WWISB,wood and waste energy consumed in the industrial sector at a cost,billion btu
IX,WW,B,WWIXB,wood and waste energy consumed in the industrial sector at no cost,billion btu
KC,CL,B,CLKCB,coal consumed at coke plants (coking coal),billion btu
LC,BD,B,BDLCB,energy losses and co-products from the production of biodiesel,billion btu
LC,BF,B,BFLCB,energy losses and co-products from the production of biofuels,billion btu
LC,EM,B,EMLCB,energy losses and co-products from the production of fuel ethanol,billion btu
LP,NG,B,NGLPB,natural gas consumed as lease and plant fuel,billion btu
MP,NG,B,NGMPB,natural gas marketed production,billion btu
NI,CC,B,CCNIB,coal coke net imports into the united states,billion btu
NI,EL,B,ELNIB,net imports of electricity into the united states,billion btu
OC,CL,B,CLOCB,coal consumed by industrial users other than coke plants,billion btu
OS,CL,B,CLOSB,coal consumed by the industrial sector other than coke plants excluding refinery fuel,billion btu
PF,TE,B,TEPFB,total energy used as process fuel and other consumption that has no direct fuel costs,billion btu
PR,CL,B,CLPRB,coal production,billion btu
PR,NC,B,NCPRB,noncombustible renewable energy production,billion btu
PR,PA,B,PAPRB,crude oil production (including lease condensate),billion btu
PR,RE,B,REPRB,renewable energy production,billion btu
PR,TE,B,TEPRB,total primary energy production,billion btu
PR,WD,B,WDPRB,wood energy production,billion btu
PR,WW,B,WWPRB,wood and waste energy production,billion btu
PZ,NG,B,NGPZB,natural gas for pipeline and distribution use,billion btu
RC,CL,B,CLRCB,coal consumed by the residential sector,billion btu
RC,DF,B,DFRCB,distillate fuel oil consumed by the residential sector,billion btu
RC,ES,B,ESRCB,"electricity consumed by (i.e., sold to) the residential sector",billion btu
RC,GE,B,GERCB,geothermal energy consumed by the residential sector,billion btu
RC,HL,B,HLRCB,hydrocarbon gas liquids consumed by the residential sector,billion btu
RC,KS,B,KSRCB,kerosene consumed by the residential sector,billion btu
RC,LO,B,LORCB,the residential sector's share of electrical system energy losses,billion btu
RC,NG,B,NGRCB,natural gas consumed by (delivered to) the residential sector,billion btu
RC,PA,B,PARCB,all petroleum products consumed by the residential sector,billion btu
RC,PQ,B,PQRCB,propane consumed by the residential sector,billion btu
RC,SF,B,SFRCB,supplemental gaseous fuels consumed by the residential sector,billion btu
RC,SO,B,SORCB,solar energy consumed by the residential sector,billion btu
RC,TE,B,TERCB,total energy consumed by the residential sector,billion btu
RC,TN,B,TNRCB,total energy consumed by the residential sector excluding the sector's share of electrical system energy losses,billion btu
RC,WD,B,WDRCB,wood energy consumed by the residential sector,billion btu
RF,CL,B,CLRFB,coal consumed as refinery fuel,billion btu
RF,DF,B,DFRFB,distillate fuel oil consumed as refinery fuel,billion btu
RF,ES,B,ESRFB,electricity consumed by refineries,billion btu
RF,HL,B,HLRFB,hydrocarbon gas liquids consumed as refinery fuel and intermediate products,billion btu
RF,NG,B,NGRFB,natural gas consumed as refinery fuel,billion btu
RF,P5,B,P5RFB,other petroleum products consumed as refinery fuel and intermediate products,billion btu
RF,PC,B,PCRFB,petroleum coke consumed as refinery fuel,billion btu
RF,PQ,B,PQRFB,propane consumed as refinery fuel,billion btu
RF,RF,B,RFRFB,residual fuel oil consumed as refinery fuel,billion btu
RF,TE,B,TERFB,total energy used as refinery fuel and intermediate products,billion btu
RP,TE,B,TERPB,total energy consumption per capita in the residential sector,million btu
RS,PE,B,PERSB,"primary energy consumed by the residential sector, adjusted for process fuel, intermediate products, and fuels with no direct cost",billion btu
RS,TN,B,TNRSB,"total net energy consumed by the residential sector, adjusted for process fuel, intermediate products, and fuels with no direct cost",billion btu
RS,WD,B,WDRSB,wood energy consumed in the residential sector at a cost,billion btu
RX,WD,B,WDRXB,wood energy consumed in the residential sector at no cost,billion btu
SC,CL,B,CLSCB,coal total consumption adjusted for process fuel,billion btu
SC,DF,B,DFSCB,distillate fuel oil total consumption adjusted for process fuel,billion btu
SC,ES,B,ESSCB,electricity total consumption adjusted for process fuel,billion btu
SC,HL,B,HLSCB,hydrocarbon gas liquids total consumption adjusted for processed fuel,billion btu
SC,NG,B,NGSCB,natural gas total consumption adjusted for process fuel,billion btu
SC,OP,B,OPSCB,other petroleum products total consumption adjusted for refinery fuel and intermediate products,billion btu
SC,P1,B,P1SCB,"asphalt and road oil, kerosene, lubricants, petroleum coke, and ""other petroleum products"" total consumption adjusted for process fuel and intermediate products",billion btu
SC,PA,B,PASCB,all petroleum products total consumption adjusted for process fuel and intermediate products,billion btu
SC,PC,B,PCSCB,petroleum coke total consumption adjusted for process fuel,billion btu
SC,PE,B,PESCB,"primary energy total consumption, adjusted for process fuel, intermediate products, and fuels with no direct cost",billion btu
SC,PQ,B,PQSCB,propane total consumption adjusted for process fuel,billion btu
SC,RF,B,RFSCB,residential fuel oil total consumption excluding process fuel,billion btu
SC,TN,B,TNSCB,"total net energy consumption, adjusted for process fuel, intermediate products, and fuels with no direct cost",billion btu
SC,WW,B,WWSCB,"wood and waste energy total consumption, adjusted for fuels with no direct cost",billion btu
SU,BF,B,BFSUB,biofuels product supplied consumed with distillate fuel oil by the transportation sector,billion btu
TC,AR,B,ARTCB,asphalt and road oil total consumption,billion btu
TC,AV,B,AVTCB,aviation gasoline total consumption,billion btu
TC,B1,B,B1TCB,renewable diesel total consumption,billion btu
TC,BD,B,BDTCB,biodiesel total consumption,billion btu
TC,BF,B,BFTCB,"biofuels total consumption, including losses and co-products from the production of biofuels",billion btu
TC,BM,B,BMTCB,biomass total consumption,billion btu
TC,BO,B,BOTCB,"other biofuels total consumption, united states only",billion btu
TC,BQ,B,BQTCB,normal butane total consumption,billion btu
TC,BY,B,BYTCB,butylene from refineries total consumption,billion btu
TC,CL,B,CLTCB,coal total consumption,billion btu
TC,DF,B,DFTCB,distillate fuel oil total consumption,billion btu
TC,DM,B,DMTCB,"distillate fuel oil, excluding biodiesel, total consumption",billion btu
TC,EM,B,EMTCB,"fuel ethanol, excluding denaturant, total consumption",billion btu
TC,EQ,B,EQTCB,ethane total consumption,billion btu
TC,ES,B,ESTCB,"electricity total consumption (i.e., retail sales)",billion btu
TC,EY,B,EYTCB,ethylene from refineries total consumption,billion btu
TC,FF,B,FFTCB,fossil fuels total consumption,billion btu
TC,GE,B,GETCB,geothermal energy total consumption,billion btu
TC,HL,B,HLTCB,hydrocarbon gas liquids total consumption,billion btu
TC,HY,B,HYTCB,hydropower total consumption,billion btu
TC,IQ,B,IQTCB,isobutane total consumption,billion btu
TC,IY,B,IYTCB,isobutylene from refineries total consumption,billion btu
TC,JF,B,JFTCB,jet fuel total consumption,billion btu
TC,KS,B,KSTCB,kerosene total consumption,billion btu
TC,LO,B,LOTCB,total electrical system energy losses,billion btu
TC,LU,B,LUTCB,lubricants total consumption,billion btu
TC,MG,B,MGTCB,motor gasoline total consumption,billion btu
TC,MM,B,MMTCB,"motor gasoline total consumption, excluding fuel ethanol",billion btu
TC,NG,B,NGTCB,natural gas total consumption,billion btu
TC,NN,B,NNTCB,natural gas total consumption (excluding supplemental gaseous fuels),billion btu
TC,OM,B,OMTCB,"other petroleum products consumption, excluding biofuels",billion btu
TC,OP,B,OPTCB,other petroleum products total consumption,billion btu
TC,P1,B,P1TCB,"asphalt and road oil, aviation gasoline, kerosene, lubricants, petroleum coke, and ""other petroleum products"" total consumption",billion btu
TC,PA,B,PATCB,all petroleum products total consumption,billion btu
TC,PC,B,PCTCB,petroleum coke total consumption,billion btu
TC,PM,B,PMTCB,"all petroleum products total consumption, excluding biofuels",billion btu
TC,PP,B,PPTCB,natural gasoline (pentanes plus) total consumption,billion btu
TC,PQ,B,PQTCB,propane total consumption,billion btu
TC,PY,B,PYTCB,propylene from refineries total consumption,billion btu
TC,RE,B,RETCB,renewable energy total consumption,billion btu
TC,RF,B,RFTCB,residual fuel oil total consumption,billion btu
TC,SF,B,SFTCB,supplemental gaseous fuels total consumption,billion btu
TC,SO,B,SOTCB,solar energy total consumption,billion btu
TC,TE,B,TETCB,total energy consumption,billion btu
TC,WD,B,WDTCB,wood energy total consumption,billion btu
TC,WS,B,WSTCB,waste energy total consumption,billion btu
TC,WW,B,WWTCB,wood and waste energy total consumption,billion btu
TC,WY,B,WYTCB,wind energy total consumption,billion btu
TP,NG,B,NGTPB,natural gas total consumption per capita,million btu
TP,PA,B,PATPB,all petroleum products total consumption per capita,million btu
TP,TE,B,TETPB,total energy consumption per capita,million btu
TX,AR,B,ARTXB,asphalt and road oil total end-use consumption,billion btu
TX,AV,B,AVTXB,aviation gasoline total end-use consumption,billion btu
TX,CL,B,CLTXB,coal total end-use consumption,billion btu
TX,DF,B,DFTXB,distillate fuel oil total end-use consumption,billion btu
TX,ES,B,ESTXB,"electricity total end-use consumption (i.e., retail sales)",billion btu
TX,GE,B,GETXB,geothermal energy total end-use consumption,billion btu
TX,HL,B,HLTXB,hydrocarbon gas liquids total end-use consumption,billion btu
TX,HY,B,HYTXB,hydropower total end-use consumption,billion btu
TX,JF,B,JFTXB,jet fuel total end-use consumption,billion btu
TX,KS,B,KSTXB,kerosene total end-use consumption,billion btu
TX,LO,B,LOTXB,total electrical system energy losses allocated to the end-use sectors,billion btu
TX,LU,B,LUTXB,lubricants total end-use consumption,billion btu
TX,MG,B,MGTXB,motor gasoline total end-use consumption,billion btu
TX,NG,B,NGTXB,natural gas total end-use consumption,billion btu
TX,OP,B,OPTXB,other petroleum products total end-use consumption,billion btu
TX,P1,B,P1TXB,"asphalt and road oil, aviation gasoline, kerosene, lubricants, petroleum coke, and ""other petroleum products"" total end-use consumption",billion btu
TX,PA,B,PATXB,all petroleum products total end-use consumption,billion btu
TX,PC,B,PCTXB,petroleum coke total end-use consumption,billion btu
TX,PQ,B,PQTXB,propane total end-use consumption,billion btu
TX,RF,B,RFTXB,residual fuel oil total end-use consumption,billion btu
TX,SO,B,SOTXB,solar energy total end-use consumption,billion btu
TX,TE,B,TETXB,total end-use energy consumption,billion btu
TX,TN,B,TNTXB,total primary energy and electricity consumed by the end-use sectors,billion btu
TX,WW,B,WWTXB,wood and waste energy total end-use consumption,billion btu
TX,WY,B,WYTXB,wind energy total end-use consumption,billion btu
