state,1990,1991,1992,1993,1994,1995,1996,1997,1998,1999,2000,2001,2002,2003,2004,2005,2006,2007,2008,2009,2010,2011,2012,2013,2014,2015,2016,2017,2018,2019,2020
AK,0.000868585,0.000453725,0.001864405,0.000828724,0.000721466,0.000793937,2.61844E-05,1.92072E-05,6.68081E-05,0.002181962,0.00083943,0.00058201,0.000470113,0.000138106,0,8.87314E-05,0.000189986,0.001668155,0.001311753,0,0.000238049,0.000562992,0.000535462,0,0,0,0,0,0,0,0
AL,0.017370735,0.019822121,0.020832946,0.022911595,0.01668355,0.018131501,0.018259676,0.017299667,0.00775621,0.008232907,0.020571213,0.007768882,0.019694579,0.011155554,0.010672444,0.007502595,0.01032342,0.008543021,0.007674154,0.006432147,0.006554807,0.008600419,0.009844216,0.008670048,0.0123922,0.00730392,0.009530508,0.009637691,0.007165891,0.006712589,0.006555735
AR,0,0,0,0,0,0,0,0,0,0,0,0,0,0,0,8.13221E-06,0,0,0,0,0,0,0,0,0,0,0,0,0,0,0
AZ,0,0,0,0,0,0,0,0,0,0,0,0,0,0,0,0,0,0,0,0,0,0,0,0,0,0,0,0,0,0,0
CA,0.340826124,0.261111795,0.19006795,0.228867306,0.271747691,0.305416935,0.289439217,0.188783766,0.16017683,0.220191904,0.238639671,0.265267817,0.283860261,0.257591035,0.237628449,0.256044219,0.261585912,0.251323231,0.273381599,0.307203558,0.281680309,0.241430016,0.249670325,0.214054393,0.189375044,0.251116356,0.233466448,0.248077862,0.279518806,0.348386713,0.3219302
CO,0,0,0,0,9.08351E-06,0,0,0,0,0,0,0,0,0,0,0,0,0,0,0,0,0,0,0,0,0,0,0,0,0,0
CT,0.000147885,2.57882E-05,0.000103763,0,0,0,3.04911E-05,4.76005E-05,4.63347E-05,4.10815E-06,6.68573E-05,1.51889E-05,0,2.42015E-05,0.000189279,4.57211E-05,0,0,0,2.75712E-05,0.000282808,0.000403619,0.000207431,0,0,0,0,0,0,0,0
DC,0,0,0,0,0,0,0,0,0,0,0,0,0,0,0,0,0,0,0,0,0,0,0,0,0,0,0,0,0,0,0
DE,0.00551192,0.007783462,0.005854778,0.007979736,0.008811678,0.006873793,0.014753719,0.014625894,0.01285324,0.016514576,0.01155646,0.013917847,0.010848971,0.010982461,0.008453281,0.008229253,0.008000421,0.00788816,0.008497864,0.008076476,0.00220527,4.30117E-05,0.002187677,0.000873918,0.001641247,0.000879358,0.001582773,0.000237465,0.000194762,0.001066937,0.001899507
FL,0.061273396,0.051215913,0.060814871,0.081736307,0.072131318,0.058365279,0.060333572,0.075118046,0.071875001,0.072201235,0.070987424,0.091476414,0.097032874,0.049956266,0.10899251,0.101386596,0.097594774,0.08413112,0.028894906,0.024743715,0.10055605,0.109661579,0.099379767,0.098895866,0.124740448,0.110432358,0.083336255,0.087125156,0.143704432,0.098566534,0.01657232
GA,0.007498125,0.007225406,0.019887825,0.017916127,0.013295064,0.009635314,0.009226738,0.009846215,0.008560494,0.007165503,0.00585292,0.007005296,0.016683055,0.021984124,0.032619136,0.033610057,0.055430657,0.035864894,0.048200468,0.053469681,0.060092498,0.086767452,0.058381387,0.046404053,0.026842402,0.020579351,0.011919218,0.008828699,0.016071043,0.007812542,0.002782998
HI,0.015853472,0.015630289,0.021152431,0.018663988,0.021123031,0.018625963,0.004639295,0.003901992,0.003439111,0.015610783,0.015838718,0.028611248,0.013360073,0.010088585,0.012566866,0.008465449,0.016522638,0.028327342,0.006649615,0.00968667,0.007589227,0.008140923,0.00851762,0.009534164,0.011944313,0.009482497,0.008169552,0.01085811,0.010666755,0.015684625,0.012250828
IA,0,0,0,0,0,0,0,0,0,0,0,0,0,0,0,0,0,0,0,0,0,0,0,0,0,0,0,0,0,0,0
ID,0,0,0,0,0,0,0,0,0,0,0,0,0,0,0,0,0,0,0,0,0,0,0,0,0,0,0,0,0,0,0
IL,0.000321538,8.31116E-05,0.000185996,0.000260451,0.000359976,0.000194053,0.000221534,0.000420263,0.00026206,0.000234879,0.000135491,0.000150278,0.000198998,0.000123112,0.000135462,0.00017421,0.000324643,0.00023487,0.00023398,0.00019206,0,0,0.000201511,0.000234214,1.84109E-05,2.22337E-05,9.77904E-06,0,0.000216618,0,0
IN,0.001224213,0.000555404,0.001225157,0.00237325,0.001606099,0.001635299,0.002183299,0.003514716,0.002840424,0.00233057,0.002147831,0.001841767,0.002285347,0.000849418,0.001377334,0.001448617,0.001232578,0.001820799,0.00251592,0.000794125,0.000898652,0.001720852,0.001368257,0.001096782,0.001356715,0.001376876,0.00193935,0.00426722,0.001365521,0.00250551,0.003138299
KS,0,0,0,0,0,0,0,0,0,0,0,0,0,0,0,0,0,0,0,0,0,0,0,0,0,0,0,0,0,0,0
KY,0,0,0,0,0,0,0,0,0,0,0,7.13417E-06,1.44232E-05,3.44608E-05,5.19749E-05,2.07823E-05,0,0,0,0,4.11116E-05,0,0,0,0,0,0,0,0,0,0
LA,0.136676539,0.15398269,0.1721908,0.187787426,0.170067544,0.157538875,0.189775773,0.173537812,0.19014567,0.192979532,0.193312204,0.110387721,0.096684418,0.10676128,0.093054644,0.078948748,0.093109932,0.093788262,0.099285517,0.113144938,0.098873958,0.107771944,0.121470105,0.122000776,0.090596288,0.054929397,0.052379634,0.11813651,0.036374158,0.028893086,0.056853057
MA,0.008290527,0.002431604,0.002113882,0.002035764,0.002354648,0.001009137,0.014389893,0.012217265,0.000166805,0.000166648,0.003796977,0.00309531,0.002881715,8.26006E-05,2.00533E-05,0.004050021,0.002297167,0.001581204,0.002062783,0.00317331,0.002006841,0.001703378,0.001543017,0.002136559,0.001329266,0.001169684,0.002017583,0.003119918,0.00114526,0.002512283,0.00020107
MD,0.008353106,0.004813695,0.007417617,0.006117978,0.004296837,0.004857696,0.004474781,0.005264453,0.009678345,0.008481361,0.004807265,0.005719764,0.0064524,0.004464115,0.008960139,0.007159235,0.007613616,0.003584762,0.003981641,0.001977059,0.003729382,0.000751553,0.000500817,0.000850445,0.000419768,0.000695366,0.000272621,0.000546483,0.001439104,0.000743837,0.005411385
ME,0.000412446,0.000285144,1.08347E-05,0.000803045,0.000847963,0.000640157,0.000354007,2.08774E-06,0.001650377,0.000873249,0.004745899,0.005546703,0.007730631,2.76212E-05,0.000233682,0.007176222,0.005685755,0.001258202,0.000399104,0.006365563,0.003091324,0.004377976,0.004604054,0.007074658,0.004518701,0.002166655,0.002008281,0.000569961,0.000690896,0.000688529,0.000301606
MI,0.000577456,0.000308574,0.000578268,0.000517873,0.000698589,0.000654462,0.000895094,0.000460347,0.000769802,0.000341512,0.000340908,0.000762436,0.000439385,0.00218234,0.002143861,0.001486206,0.001612383,0.001824342,0.001485644,0.00106571,0.001734642,0.002667109,0.002115317,0.002601376,0.002551414,0.002176644,0.004622862,0.006408879,0.00812926,0.010553676,0.010044765
MN,0,6.77861E-06,1.51408E-05,3.34935E-06,1.63167E-05,0,0,8.47624E-05,0,1.19672E-05,0.001578575,0.001929908,0.00243167,0.000775236,0.002529784,0.001765412,0.001382567,0.002548292,0.00432751,0.001271837,0.001442883,0.001112352,0.000667025,0.000819233,0.000686893,0.001103628,0.0011358,0,0,0,0
MO,0.0001322,0,0.000102235,2.66353E-05,5.04639E-05,0.000146939,4.25497E-05,5.5534E-05,3.77143E-05,4.57255E-05,4.15032E-05,4.48762E-05,9.46915E-05,0.000141526,0.000153878,0.000102647,6.4662E-05,1.7272E-05,0,4.22008E-05,0,0,0,0,0,0,4.05472E-06,4.69564E-06,0,0,0
MS,0.009634937,0.024415364,0.015423086,0.022595003,0.025466464,0.017544834,0.012491867,0.011142495,0.009760454,0.008688554,0.009719984,0.013909102,0.011382421,0.009064759,0.014383531,0.004528014,0.004890313,0.004340599,0.004451035,0.005696165,0.005483751,0.007082144,0.009967008,0.007497172,0.002030219,0.006618221,0.005833078,0.005944458,0.002226409,0.002917217,0.002822222
MT,0,0,0,0,0,0,0,0,0,0,0,0,0,0,0,0,0,0,0,0,0,0,0,0,0,0,0,0,0,0,0
NC,0.002587669,0.00325491,0.00224501,0.001622997,0.000237517,0.001012402,0.001304398,0.001762473,0.001271079,0.001248341,0.000909518,0.001125818,0.007417501,0.008629922,0.00343341,0.003035121,0.001339236,0.003645731,0.00496426,0.005498666,0.002619536,0.002367179,3.2233E-05,0,6.69487E-06,0.000125024,0.000212754,0.000263179,0.000282187,0.000505109,1.59942E-05
ND,0,0,0,0,0,0,0,0,0,0,0,0,0,0,0,0,0,0,0,0,0,0,0,0,0,0,0,0,0,0,0
NE,0,0,0,0,0,0,0,0,0,0,0,0,0,0,0,0,0,0,0,0,0,0,0,0,0,0,0,0,0,0,0
NH,0,0,2.12527E-05,9.25057E-06,6.8631E-05,0,3.65204E-05,2.5888E-05,5.64637E-05,1.42892E-06,0,0,0,0,0,0,0,0,0,0,0,0,1.60069E-05,8.25424E-06,2.94574E-05,0,0,0,0,0,0
NJ,0.04409376,0.061500238,0.05588035,0.043844525,0.043909523,0.055601114,0.044075971,0.057963686,0.061911752,0.061339649,0.086892354,0.111968055,0.134193751,0.131756381,0.10548257,0.129826195,0.111238787,0.119311628,0.179442392,0.08235451,0.054980242,0.053397482,0.060084911,0.059902316,0.025791643,0.050107269,0.039990068,0.030725143,0.079876324,0.008995457,0.092199189
NM,0,0,0,0,0,0,0,0,0,0,0,0,0,0,0,0,0,0,0,0,0,0,0,0,0,0,0,0,0,0,0
NV,0,0,0,0,0,0,0,0,0,0,0,0,0,0,0,0,0,0,0,0,0,0,0,0,0,0,0,0,0,0,0
NY,0.006862732,0.023357459,0.020768354,0.021870109,0.021197718,0.015592021,0.047885461,0.045509045,0.037702205,0.058937454,0.05732835,0.034193622,0.03556868,0.050606286,0.049826703,0.042915653,0.045423048,0.044816245,0.070306773,0.09292477,0.085403126,0.040832499,0.046329979,0.067729916,0.109460417,0.066439668,0.050095632,0.035352809,0.034308513,0.017001577,0.030825855
OH,3.21698E-05,4.84818E-05,0.000321986,0.000114516,0.000454007,0.000391682,0.00061499,0.000521309,0.000540068,6.84096E-05,8.72052E-05,0.000734589,0.00095235,0.000180722,9.6174E-06,0,3.99971E-06,2.09627E-05,0,0,0,0,0,0,6.36012E-06,8.7968E-05,1.16871E-05,0,7.5525E-05,0.000285852,0.000181268
OK,0,0,0,0,0,0,0,0,0,0,0,0,0,0,0,0,0,0,0,0,0,0,0,0,0,0,0,0,0,0,0
OR,0.023258449,0.035508407,0.034305087,0.026546911,0.02783255,0.021977728,0.022620245,0.028816494,0.034362229,0.022673225,0.009022181,0.012676272,0.011339778,0.016824217,0.014649135,0.014125827,0.010863381,0.013822806,0.010104164,0.006161687,0.011108409,0.007490179,0.007556551,0.006591011,0.001599069,0.003411095,0,0,0,0.004080661,0.00924391
PA,0.034720343,0.035050851,0.040840091,0.041838427,0.042081719,0.032902685,0.024582182,0.040754419,0.051385375,0.04706455,0.033393925,0.026171592,0.026725371,0.032467298,0.033751738,0.034432675,0.028813749,0.021554632,0.023915664,0.019122573,0.005633609,0.003640441,0.011200633,0.010890439,0.00800974,0.004476056,0.00424458,0.00185925,0.002105229,0.003201376,0.001730044
RI,0,3.97875E-05,0,3.89162E-05,6.93038E-05,6.9971E-06,1.58485E-05,1.21089E-05,1.16375E-05,3.12576E-05,3.89193E-05,0,0,0,0,0,2.94979E-05,1.00385E-05,1.78513E-05,0.001345173,0.000575396,0.00033142,9.20942E-06,6.19068E-05,4.45209E-05,1.61114E-06,1.8127E-05,0.000101068,2.11276E-05,8.15511E-05,0
SC,0.003130074,0.001809593,0.002397251,0.003212341,0.000290841,0.002762921,0.004432748,0.003904915,0.003097743,0.003582305,0.002654267,0.003012001,0.004794358,0.006553595,0.017056962,0.011793871,0.01193047,0.009917699,0.009680833,0.014608779,0.015423962,0.021662341,0.020572537,0.016751724,0.013546061,0.022386723,0.015133182,0.022456343,0.024858658,0.001581923,0.000516386
SD,0,0,0,0,0,0,0,0,0,0,0,0,0,0,0,0,0,0,0,0,0,0,0,0,0,0,0,0,0,0,0
TN,4.64141E-06,0.0003127,0.000261006,0.000107658,1.79988E-05,1.30612E-05,1.55039E-05,3.57004E-05,0,0,0,4.55666E-05,2.6129E-05,9.07554E-05,0.000360345,0.000441308,8.51605E-05,3.01154E-05,0.000303632,0,0,0,0.000487442,0.000557419,6.72834E-05,0.000159502,0,0.00013908,0,0.00015633,0
TX,0.16263213,0.16851676,0.176293686,0.140013321,0.135537251,0.139457597,0.13274454,0.180122763,0.231071475,0.165788595,0.147745246,0.173408228,0.149559904,0.183815806,0.173151792,0.169338067,0.166719941,0.187050392,0.170662732,0.174406943,0.196519542,0.215752419,0.179714666,0.203924892,0.272542038,0.260674576,0.286754816,0.268666682,0.23955976,0.289721538,0.323437086
UT,0,0,0,0,0,0,0,0,0,0,0,0,0,0,0,0,0,0,0,0,0,0,0,0,0,0,0,0,0,0,0
VA,0.018949616,0.022065839,0.01542253,0.015057381,0.013257552,0.01279085,0.008430697,0.012214968,0.011167951,0.010732983,0.029689482,0.011013549,0.007677746,0.016517753,0.012333389,0.012401618,0.011659323,0.007534009,0.006583948,0.00446334,0.005576086,0.008627493,0.009979288,0.007023327,0.007010865,0.003491974,0.004652676,0.007225697,0.002688788,0.002529496,0.005903779
VT,0,0,0,0,0,0,0,0,0,0,0,0,0,0,0,0,0,0,0,0,0,0,0,0,0,0,4.84182E-05,6.88694E-05,0,0,0
WA,0.088744649,0.098382344,0.131353487,0.104224131,0.104676696,0.115273762,0.091437744,0.111906588,0.087208116,0.072212845,0.047211744,0.067581544,0.049160151,0.066103106,0.055749791,0.058686717,0.043122214,0.063316381,0.030620109,0.055750586,0.04565886,0.063101804,0.09285511,0.103815136,0.09144252,0.118586313,0.180610503,0.129378545,0.107280247,0.144739994,0.095040071
WI,1.02431E-05,1.76833E-06,4.77839E-05,7.49615E-05,8.15834E-05,0.000152537,0.000235143,0.000107728,0.000128444,6.18008E-05,4.78013E-05,2.96874E-05,3.82529E-05,2.73582E-05,2.80337E-05,0.000761898,0.000909601,0.00022498,4.41501E-05,0,0,0,0,0,0,0,0,0,3.39984E-05,7.53431E-05,0.000142425
WV,0,0,0,0,0,0,2.99743E-05,0,0,0,0,0,0,0,0,0,0,0,0,0,0,0,0,0,0,0,0,0,0,0,0
WY,0,0,0,0,0,0,0,0,0,0,0,0,0,0,0,0,0,0,0,0,0,0,0,0,0,0,0,0,0,0,0
,0.99999968,1,0.999999861,1,1.000000673,0.999999534,0.999999655,1.000000209,1.000000216,0.999999821,1.000000323,1.00000023,1,1,0.999999795,0.999999819,0.999999833,1.000000148,1,0.999999812,1.000000332,1.000000576,0.999999561,1,1,1.000000322,1.000000239,0.999999776,0.999999271,1.000000282,1
