Source,Subcategory,State,GHG,1990,1991,1992,1993,1994,1995,1996,1997,1998,1999,2000,2001,2002,2003,2004,2005,2006,2007,2008,2009,2010,2011,2012,2013,2014,2015,2016,2017,2018,2019,2020,2021,2022,2023
Iron and Steel Production,All,National,CO2e,104763.8942,95236.89697,96017.52799,91673.52591,94551.93813,98423.71277,96388.41943,97621.53728,91160.08104,89040.58312,90487.33167,79806.07253,75797.35103,72678.51615,72260.92091,70097.82625,72787.54003,74542.58979,69950.09937,45077.21731,58569.53408,62966.70936,57269.9403,55198.47289,58199.71911,47955.86682,43633.72757,40822.54865,42872.11617,46843.36932,40682.5598,47226.16236,45164.28327,46248.11701
Iron and Steel Production,All,AK,CO2e,0,0,0,0,0,0,0,0,0,0,0,0,0,0,0,0,0,0,0,0,0,0,0,0,0,0,0,0,0,0,0,0,0,0
Iron and Steel Production,All,AL,CO2e,5835.158984,5349.179076,5382.680388,5099.014931,5362.163649,5554.272037,5421.950015,5443.575607,5723.070704,5798.951926,6250.311371,5789.813382,6992.833885,6494.211419,5750.777354,5689.097263,5759.574175,5560.745293,5294.116679,3594.612357,4339.352292,4618.796787,5330.730365,4481.718965,5292.568968,2181.278816,1495.351718,1255.165673,1179.15778,1364.416776,1218.781623,1149.416625,879.5065154,595.4463299
Iron and Steel Production,All,AR,CO2e,1047.137232,952.1646571,971.678882,936.9281758,943.9461335,984.2552914,971.8979822,991.0048836,1067.111398,1116.287759,1253.561143,1223.412412,1513.604343,1574.802499,1558.017036,1706.234966,1911.164533,2014.293263,1908.907251,1311.357448,544.3714792,538.6520213,640.7559113,52.94326644,66.99508594,51.55385126,41.17877648,258.1705397,244.1261493,261.7350341,284.2840739,446.6451832,459.161745,342.4666024
Iron and Steel Production,All,AZ,CO2e,266.8262761,242.6258393,247.5983566,238.7433553,240.5316362,250.8030144,247.6541866,252.5229118,198.6928603,154.2025154,158.3455384,107.1242804,67.63700996,72.25164364,78.39322918,73.50324331,89.75676932,101.9443945,99.04462999,70.34207349,31.7895205,27.11324511,44.99434692,46.49736067,40.40427039,34.91032259,56.43341322,44.82046745,34.60574481,39.66244811,28.31068062,27.45274686,19.1760725,15.85217331
Iron and Steel Production,All,CA,CO2e,3464.385242,3150.174673,3214.736214,3099.765769,3122.984224,3256.344444,3215.461092,3278.67503,3110.699065,2923.138574,3663.642657,3064.106618,2438.73877,2102.60281,1903.808728,1525.450434,1620.333579,1622.95476,1576.790509,1119.84581,12.76830152,15.34287023,15.47087099,13.06634409,18.17079478,16.91789354,23.7730725,18.3509324,30.98469646,15.37265948,0,0,0,0
Iron and Steel Production,All,CO,CO2e,118.3474368,107.6136376,109.819135,105.8916107,106.6847802,111.2405207,109.8438977,112.0033595,103.9212816,95.79194979,118.0569312,97.286913,76.42103723,68.20133804,63.90659055,52.98042932,58.21495343,60.30815757,58.59271795,41.61288979,104.8603272,71.90214659,106.2354891,72.86225036,56.03534158,100.7514896,76.29492656,75.10481296,95.68602204,78.76686359,102.3469143,108.0338321,88.10173552,54.26666727
Iron and Steel Production,All,CT,CO2e,1297.805144,1180.097654,1204.283272,1161.213803,1169.911747,1219.870273,1204.554822,1228.23561,1098.855365,937.6264316,1044.301315,995.2490122,997.0786916,775.1397007,941.5812021,806.0087664,781.8285888,764.2669493,738.0637369,437.8706095,0,0,0,0,0,0,0,0,0,0,0,0,0,0
Iron and Steel Production,All,DC,CO2e,0,0,0,0,0,0,0,0,0,0,0,0,0,0,0,0,0,0,0,0,0,0,0,0,0,0,0,0,0,0,0,0,0,0
Iron and Steel Production,All,DE,CO2e,0,0,0,0,0,0,0,0,0,0,0,0,0,0,0,0,0,0,0,0,59.01647061,66.02204438,59.4911244,57.46433053,0,0,0,0,0,0,0,0,0,0
Iron and Steel Production,All,FL,CO2e,950.148973,863.9729768,881.6797493,850.1477334,856.5156718,893.0913027,881.8785559,899.2157322,897.695322,895.4501843,1055.511039,1246.311402,1362.431773,1210.836639,945.3973163,739.0261981,665.5525475,618.6895029,533.1623977,356.011795,25.42354051,33.18135261,32.2350225,28.12852271,23.06152768,26.48793027,27.82749731,20.55867029,24.51364786,62.65033975,47.52856833,54.90477311,50.73203988,23.01653718
Iron and Steel Production,All,GA,CO2e,869.7648387,790.8794707,807.0882217,778.2238652,784.0530657,817.5343393,807.270209,823.1406322,868.8162257,920.068594,1156.83429,1464.984356,1728.567078,1743.924747,1548.601462,1380.94324,1424.824702,1526.372129,1315.367758,878.3185732,40.82054604,30.75950094,29.58321328,20.46892415,22.23472833,29.12170912,21.88929494,22.04046482,24.91874189,25.37984388,40.49067655,40.56394593,35.64755624,20.08923442
Iron and Steel Production,All,HI,CO2e,0,0,0,0,0,0,0,0,0,0,0,0,0,0,0,0,0,0,0,0,0,0,0,0,0,0,0,0,0,0,0,0,0,0
Iron and Steel Production,All,IA,CO2e,388.9727253,353.693929,360.9427413,348.0341401,350.6410517,365.6144119,361.0241289,368.1216356,320.0476225,261.1909187,198.593541,103.0023745,46.43108499,128.6777929,194.8220101,229.3791904,307.9446061,380.2234433,334.5203433,212.7036015,215.8138142,194.9181308,253.1537654,189.1602189,165.0108065,170.2489274,215.9754164,207.9953249,175.9123125,198.8153512,210.8409908,170.7184733,113.5080769,74.68920059
Iron and Steel Production,All,ID,CO2e,0,0,0,0,0,0,0,0,0,0,0,0,0,0,0,0,0,0,0,0,0,0,0,0,0,0,0,0,0,0,0,0,0,0
Iron and Steel Production,All,IL,CO2e,7558.175817,6899.335707,6984.843397,6662.31071,6838.299693,7146.256539,7031.418106,7137.49481,6297.195252,5840.650612,5363.84568,4167.670163,4837.829066,4906.511432,2853.295365,2995.423219,2911.362875,2900.463465,2707.63736,1451.651354,3232.250761,3693.354649,3436.751279,3577.258623,3703.304242,1747.627019,313.522279,293.4538403,783.3073793,2439.559369,2238.001127,2227.870152,2479.585383,2096.508135
Iron and Steel Production,All,IN,CO2e,24295.87022,22163.37677,22243.72356,21215.85712,21536.7534,22565.23662,22163.2416,22498.41711,20114.9555,21244.10368,20951.53533,18915.96812,15619.26828,16274.45872,18286.03891,16873.24916,17853.21491,17951.57918,17769.76086,12682.14661,22614.12027,23478.65504,22244.08092,21670.2093,23978.84692,20706.19192,20865.72127,19259.40188,19556.28053,21431.70484,19319.51495,23206.99429,22330.97363,22723.75022
Iron and Steel Production,All,KS,CO2e,0,0,0,0,0,0,0,0,0,0,0,0,0,0,0,0,0,0,0,0,0,0,0,0,0,0,0,0,0,0,0,0,0,0
Iron and Steel Production,All,KY,CO2e,3122.50831,2812.815879,2879.588092,2752.500221,2864.672647,3001.375061,2926.241375,2962.409779,2731.83389,2322.169312,1976.944565,1336.032854,1018.293905,1114.092009,1142.374668,1303.398552,1480.355653,1610.739426,1523.704904,1016.6137,2333.394909,2771.302033,2524.295542,2345.450601,1912.041066,1721.834421,247.1530279,303.2750265,307.3656943,259.4449723,247.3687428,257.1361711,196.7115418,0
Iron and Steel Production,All,LA,CO2e,253.0611634,230.1091858,234.8251794,226.4269926,228.1230191,237.8645144,234.8781293,239.4956852,302.1632961,373.0000392,536.5647217,766.2675384,1007.966119,767.5903139,483.8850929,273.0672612,134.0687459,0,0,0,37.36654762,35.341636,32.97016662,38.76829491,23.81191073,32.84706158,26.46350028,29.87975391,33.83515937,0,0,9.868011024,375.5030251,0
Iron and Steel Production,All,MA,CO2e,0,0,0,0,0,0,0,0,0,0,0,0,0,0,0,0,0,0,0,0,0,0,0,0,0,0,0,0,0,0,0,0,0,0
Iron and Steel Production,All,MD,CO2e,1919.559404,1729.825818,1613.239481,1555.639272,1567.195911,1634.119589,1613.603244,1645.325666,1472.009867,1256.030049,1398.930093,1333.220378,1335.671389,1038.365306,1261.327799,1079.717035,1047.325638,1023.800334,988.6989108,586.5647816,1880.350956,2275.366571,0,0,0,0,0,0,0,0,0,0,0,0
Iron and Steel Production,All,ME,CO2e,0,0,0,0,0,0,0,0,0,0,0,0,0,0,0,0,0,0,0,0,0,0,0,0,0,0,0,0,0,0,0,0,0,0
Iron and Steel Production,All,MI,CO2e,6812.697885,6140.744558,6179.473726,5958.568678,6229.069949,6480.925102,6364.275873,6472.283945,5969.846543,5610.361539,5765.787367,5414.4056,5040.489139,4617.114258,4181.136692,4422.309067,4469.619601,4038.976534,3705.718399,2010.772038,4893.656861,4727.067468,4889.905944,5028.356336,4676.664394,4439.481515,4364.71272,4126.149274,4159.199681,3231.084831,1401.576759,1542.705617,1507.321048,1532.703298
Iron and Steel Production,All,MN,CO2e,209.5613822,190.5547196,194.4600606,187.5054745,188.9099637,196.9769511,194.5039087,198.3277329,201.8684617,201.3712798,200.7525871,156.0780893,151.3309437,150.0376814,142.8462872,125.2967628,136.1050496,142.7674994,125.6067551,79.86662009,26.55623663,20.84449332,21.68509822,13.43473387,19.64301661,13.61890636,21.23575572,23.8283435,12.93265919,14.87073106,10.74716206,1.157161929,0.7740346,0
Iron and Steel Production,All,MO,CO2e,318.994857,290.0628681,296.0075878,285.4212996,287.5592165,299.8388048,296.0743335,301.8949682,333.6641122,360.8738725,389.5955392,327.7079302,343.537116,279.2427884,212.1707676,142.6768847,111.3442004,74.32308057,65.38939897,41.57762281,0,0,0,0,0,0,0,0,0,0,0,1.772381325,9.373969622,0
Iron and Steel Production,All,MS,CO2e,356.3971706,324.0728909,330.7146321,318.8870961,321.2756849,334.9950613,330.7892037,337.2923109,287.2902084,222.8916532,165.0330354,79.65622646,0,156.544005,279.2814702,417.6883482,572.5323521,696.9931851,660.5271283,453.7607414,291.9891815,372.0213787,441.4932797,476.8237153,494.0615567,496.7833967,0.115544732,0.107396117,0.119548077,0.151330881,133.2018811,132.5208702,236.9607632,606.8240059
Iron and Steel Production,All,MT,CO2e,0,0,0,0,0,0,0,0,0,0,0,0,0,0,0,0,0,0,0,0,0,0,0,0,0,0,0,0,0,0,0,0,0,0
Iron and Steel Production,All,NC,CO2e,1020.325598,927.7847678,946.7993368,912.938412,919.7766771,959.0537311,947.0128271,965.630502,1093.499663,1237.759917,1657.947486,2230.13117,2787.58792,2559.516151,2072.32999,1687.311744,1591.175596,1558.934734,1343.428936,897.0560361,234.9040924,296.0509518,242.319703,242.3713867,277.8620277,225.2247499,268.3262871,240.2290093,194.2373117,199.8469377,146.9744458,132.1443072,91.91347583,6.006539651
Iron and Steel Production,All,ND,CO2e,0,0,0,0,0,0,0,0,0,0,0,0,0,0,0,0,0,0,0,0,0,0,0,0,0,0,0,0,0,0,0,0,0,0
Iron and Steel Production,All,NE,CO2e,0,0,0,0,0,0,0,0,0,0,0,0,0,0,0,0,0,0,0,0,0,0,0,0,0,0,0,0,0,0,0,39.00319828,32.80226673,135.1575082
Iron and Steel Production,All,NH,CO2e,0,0,0,0,0,0,0,0,0,0,0,0,0,0,0,0,0,0,0,0,0,0,0,0,0,0,0,0,0,0,0,0,0,0
Iron and Steel Production,All,NJ,CO2e,1001.387493,910.5642983,929.2259409,895.9935035,902.7048445,941.2528832,929.4354685,947.7075837,847.8776832,723.4733083,805.7837338,767.9349377,769.3467199,598.0984161,726.5248124,621.917012,603.2595675,589.7089923,569.4905726,337.8613142,16.94177941,19.96242862,24.14292638,19.16176086,0,25.82592304,24.02089603,32.00278796,32.13668838,29.52800819,26.93768758,29.9468625,21.82378149,62.14448016
Iron and Steel Production,All,NM,CO2e,0,0,0,0,0,0,0,0,0,0,0,0,0,0,0,0,0,0,0,0,0,0,0,0,0,0,0,0,0,0,0,0,0,0
Iron and Steel Production,All,NV,CO2e,0,0,0,0,0,0,0,0,0,0,0,0,0,0,0,0,0,0,0,0,0,0,0,0,0,0,0,0,0,0,0,0,0,0
Iron and Steel Production,All,NY,CO2e,1521.89642,1389.847136,1373.021918,1304.083705,1413.030474,1465.612239,1416.798027,1420.654809,1342.382963,1164.171403,1243.003121,1108.859719,1116.514729,879.5997798,1011.448873,879.3969501,851.0061582,831.6931391,805.3601496,471.489937,89.10698468,114.1613875,96.01071632,92.05805669,79.81663021,95.14498506,61.43955122,60.05633936,5.903000424,0,0,16.18918765,16.95487164,44.34395883
Iron and Steel Production,All,OH,CO2e,15169.83047,13699.03404,13879.00352,13207.05857,13534.65501,14027.05718,13670.28798,13912.29362,13620.5067,14037.98235,14236.73998,12396.77251,10603.45561,8941.964209,10105.02761,10722.39927,10502.70257,10961.5147,10058.84044,4616.282114,9602.469752,10625.72265,8235.498284,7694.108954,8932.037255,8143.707527,7993.784663,7387.160961,7807.718751,8152.799305,6681.251943,7666.11578,6850.121286,8529.167713
Iron and Steel Production,All,OK,CO2e,226.6836265,206.1240218,210.3484492,202.8256376,204.3448808,213.0709826,210.3958799,214.5321302,237.9256418,258.128373,279.4580963,235.6692193,247.6324533,282.2008069,300.7732289,289.7855321,340.8741813,382.9528219,336.9216489,214.2304633,0,11.57012556,28.66257478,20.70468548,9.955057874,11.49668324,12.46152782,18.61686066,39.50379239,69.44174294,48.62424794,41.50019635,13.09997493,319.8857418
Iron and Steel Production,All,OR,CO2e,1436.142515,1305.888191,1332.651835,1284.991447,1294.616535,1349.900306,1332.95233,1359.157332,1054.951377,804.8548209,808.4309017,530.9561186,321.495398,344.018738,373.7036359,350.6970778,428.5296288,486.9722759,473.1205588,336.0129784,30.83439054,31.05167932,33.08479179,35.83205952,29.82678651,40.07967895,30.64599191,30.82090781,28.15246186,31.13525392,40.3361037,30.81357422,26.20175557,350.7741685
Iron and Steel Production,All,PA,CO2e,8956.816817,8093.677918,8133.418063,7638.837334,8480.771069,8718.892334,8382.188874,8342.791104,7617.697918,7638.855334,7168.986128,5221.861171,5754.831599,5351.237531,5437.850812,5277.391062,5452.711822,5562.790595,5351.090269,4271.325711,6367.562095,7278.576361,7297.345326,7790.081418,7142.801869,6382.926302,6325.345079,6046.459005,7070.106736,7554.768331,7117.448209,8422.026149,8106.604116,7750.670191
Iron and Steel Production,All,RI,CO2e,0,0,0,0,0,0,0,0,0,0,0,0,0,0,0,0,0,0,0,0,0,0,0,0,0,0,0,0,0,0,0,0,0,0
Iron and Steel Production,All,SC,CO2e,1641.282402,1492.422434,1523.009021,1468.54078,1479.540724,1542.721279,1523.352438,1553.300587,1408.996755,1244.657442,1249.495542,1177.259727,904.3979648,1333.225615,1517.613225,1620.690389,1921.420021,2300.751589,1982.697666,1323.918863,75.50144423,122.6524152,100.7113274,108.5845659,54.92175739,93.22178993,50.66095777,60.85093263,32.73174542,56.6886769,177.4631027,173.1058939,322.1928321,2.666461165
Iron and Steel Production,All,SD,CO2e,0,0,0,0,0,0,0,0,0,0,0,0,0,0,0,0,0,0,0,0,0,0,0,0,0,0,0,0,0,0,0,0,0,0
Iron and Steel Production,All,TN,CO2e,3452.308076,3133.093968,3194.588742,3080.338843,3103.411783,3235.936204,3195.309078,3258.126839,3237.313301,3109.284744,3187.182326,2819.853036,3136.831858,3206.78154,3127.399315,3384.280943,3752.720911,3921.225718,3716.070714,2552.82021,228.0873118,138.2305882,106.8360588,114.7364312,118.6085722,93.95380821,116.1994097,110.5248261,129.5119285,110.6560849,140.9546126,131.8229159,145.6131961,208.087468
Iron and Steel Production,All,TX,CO2e,4539.433078,4127.718516,4212.314418,4061.667014,4092.090485,4266.834272,4213.264237,4296.094355,3715.005753,3063.019193,3205.330032,3068.607636,2941.190138,2718.400285,2710.012345,2446.407623,2654.351646,3000.793089,2411.642684,1470.417669,261.2513911,286.5487856,302.0806374,234.3260061,201.8475809,248.2511599,280.3022993,275.9803086,281.9410013,396.7757045,340.042045,338.670441,347.3240559,0
Iron and Steel Production,All,UT,CO2e,546.0528001,513.6589087,479.7965139,424.4565625,496.0204479,502.958401,485.858299,476.4438786,407.1885144,282.7694048,276.8578812,110.3073973,0,0,0,0,0,0,0,0,0,0,0,0,0,0,0,0,0,0,0,41.4759659,46.9075874,129.8723466
Iron and Steel Production,All,VA,CO2e,1629.019735,1510.977158,1513.481177,1434.141663,1511.087977,1564.012117,1528.267603,1544.349453,1411.74152,1205.150629,1111.434732,866.5846748,537.188175,825.1829425,945.69813,1058.579728,1241.249357,1517.174149,1343.409475,873.8662686,238.0494934,201.5555643,132.9024694,198.6958599,244.0689998,286.0671663,217.2976772,153.9009721,145.0882389,237.7532936,273.1347184,310.8745297,261.5874777,429.9552999
Iron and Steel Production,All,VT,CO2e,0,0,0,0,0,0,0,0,0,0,0,0,0,0,0,0,0,0,0,0,0,0,0,0,0,0,0,0,0,0,0,0,0,0
Iron and Steel Production,All,WA,CO2e,497.3496576,452.2413604,461.509862,445.0046215,448.3378798,467.4831697,461.6139261,470.6889648,327.460444,213.0192062,165.2647594,64.4993056,0,82.3813221,151.273092,184.3952319,264.9135934,336.5238116,326.9515365,232.2028868,58.61847391,94.04115108,91.15125759,95.63589909,111.377836,74.52821768,61.9698842,129.0738192,90.16663905,147.5136453,0,0,0,47.53065732
Iron and Steel Production,All,WI,CO2e,1738.373082,1580.707246,1613.103194,1555.412864,1567.063513,1633.981538,1613.466926,1645.186669,1814.47707,1958.690127,2110.895576,1772.747483,1855.656012,1809.454444,1696.17632,1466.314941,1571.220314,1627.129589,1431.547576,910.2445672,55.58597512,58.74572646,54.37641707,50.89515352,62.65152598,57.8201508,62.44948021,53.49957954,43.79956564,42.18004367,0,0,0,58.42702672
Iron and Steel Production,All,WV,CO2e,2301.619338,2121.8567,2077.873327,1976.154714,2105.194391,2184.332262,2101.654872,2025.142045,1923.318765,1564.605981,1332.374625,845.7307771,243.0928232,271.8492691,257.4275439,272.8087321,276.2811847,374.9839839,393.9174038,223.8596599,626.7188827,717.1981744,420.9854675,388.6688659,441.0885844,407.9635075,331.1756495,285.0699439,308.172566,390.6669037,406.3985277,474.7131238,98.09945162,87.8150486
Iron and Steel Production,All,WY,CO2e,0,0,0,0,0,0,0,0,0,0,0,0,0,0,0,0,0,0,0,0,0,0,0,0,0,0,0,0,0,0,0,0,0,0
